baseline,K,query_id,trial_type,trial_idx,elapsed_ms,mem_peak_mb,mem_delta_mb,status,error_type,error_msg
nopolicy,5,1,cold,0,20.175,16.211,0.000,ok,,
nopolicy,5,1,hot,1,20.325,16.867,0.219,ok,,
nopolicy,5,1,hot,2,20.546,16.648,0.219,ok,,
nopolicy,5,1,hot,3,20.496,16.430,0.000,ok,,
nopolicy,5,1,hot,4,20.444,16.648,0.219,ok,,
nopolicy,5,1,hot,5,20.450,16.648,0.000,ok,,
nopolicy,5,2,cold,0,20.486,16.648,0.219,ok,,
nopolicy,5,2,hot,1,20.446,16.867,0.438,ok,,
nopolicy,5,2,hot,2,20.477,16.430,0.000,ok,,
nopolicy,5,2,hot,3,20.545,16.648,0.219,ok,,
nopolicy,5,2,hot,4,20.465,16.867,0.219,ok,,
nopolicy,5,2,hot,5,20.433,16.648,0.219,ok,,
nopolicy,5,3,cold,0,20.483,16.648,0.219,ok,,
nopolicy,5,3,hot,1,20.486,16.867,0.438,ok,,
nopolicy,5,3,hot,2,20.417,16.867,0.438,ok,,
nopolicy,5,3,hot,3,20.304,16.430,0.000,ok,,
nopolicy,5,3,hot,4,20.278,16.867,0.438,ok,,
nopolicy,5,3,hot,5,20.442,16.648,0.219,ok,,
nopolicy,5,4,cold,0,20.413,16.648,0.219,ok,,
nopolicy,5,4,hot,1,20.411,16.867,0.219,ok,,
nopolicy,5,4,hot,2,20.430,16.867,0.438,ok,,
nopolicy,5,4,hot,3,20.419,16.648,0.219,ok,,
nopolicy,5,4,hot,4,20.452,16.867,0.219,ok,,
nopolicy,5,4,hot,5,20.440,16.867,0.219,ok,,
nopolicy,5,5,cold,0,60.882,17.961,1.531,ok,,
nopolicy,5,5,hot,1,60.872,17.961,1.531,ok,,
nopolicy,5,5,hot,2,60.791,17.961,1.531,ok,,
nopolicy,5,5,hot,3,60.831,17.961,1.531,ok,,
nopolicy,5,5,hot,4,60.828,17.961,1.531,ok,,
nopolicy,5,5,hot,5,60.860,17.742,1.312,ok,,
nopolicy,5,6,cold,0,81.114,18.180,1.531,ok,,
nopolicy,5,6,hot,1,81.165,17.961,1.531,ok,,
nopolicy,5,6,hot,2,81.324,17.961,1.531,ok,,
nopolicy,5,6,hot,3,80.631,17.961,1.531,ok,,
nopolicy,5,6,hot,4,80.881,21.898,5.469,ok,,
nopolicy,5,6,hot,5,81.403,18.180,1.531,ok,,
nopolicy,5,7,cold,0,20.269,16.867,0.438,ok,,
nopolicy,5,7,hot,1,40.592,22.773,6.344,ok,,
nopolicy,5,7,hot,2,40.687,23.211,6.781,ok,,
nopolicy,5,7,hot,3,40.674,23.211,6.562,ok,,
nopolicy,5,7,hot,4,40.696,23.211,6.781,ok,,
nopolicy,5,7,hot,5,40.748,23.211,6.562,ok,,
nopolicy,5,8,cold,0,81.120,54.711,38.062,ok,,
nopolicy,5,8,hot,1,60.850,54.711,38.281,ok,,
nopolicy,5,8,hot,2,81.172,57.992,41.562,ok,,
nopolicy,5,8,hot,3,101.694,57.117,40.469,ok,,
nopolicy,5,8,hot,4,81.251,57.773,41.125,ok,,
nopolicy,5,8,hot,5,81.085,56.680,40.250,ok,,
ours,5,1,cold,0,20.458,23.211,0.000,ok,,
ours,5,1,hot,1,20.442,22.992,0.000,ok,,
ours,5,1,hot,2,20.444,22.992,0.000,ok,,
ours,5,1,hot,3,20.426,23.211,0.219,ok,,
ours,5,1,hot,4,20.421,23.312,0.219,ok,,
ours,5,1,hot,5,20.426,23.211,0.219,ok,,
ours,5,2,cold,0,20.408,23.211,0.000,ok,,
ours,5,2,hot,1,20.481,22.992,0.000,ok,,
ours,5,2,hot,2,20.430,23.430,0.219,ok,,
ours,5,2,hot,3,20.451,22.992,0.219,ok,,
ours,5,2,hot,4,20.438,23.211,0.219,ok,,
ours,5,2,hot,5,20.444,23.211,0.219,ok,,
ours,5,3,cold,0,20.420,23.211,0.219,ok,,
ours,5,3,hot,1,20.642,22.555,0.000,ok,,
ours,5,3,hot,2,20.425,23.211,0.219,ok,,
ours,5,3,hot,3,20.515,23.211,0.219,ok,,
ours,5,3,hot,4,20.407,23.211,0.219,ok,,
ours,5,3,hot,5,20.481,23.211,0.219,ok,,
ours,5,4,cold,0,40.795,43.992,21.000,ok,,
ours,5,4,hot,1,20.468,22.992,0.000,ok,,
ours,5,4,hot,2,20.392,23.211,0.219,ok,,
ours,5,4,hot,3,20.351,22.773,0.000,ok,,
ours,5,4,hot,4,20.325,22.992,0.000,ok,,
ours,5,4,hot,5,20.352,22.773,0.219,ok,,
ours,5,5,cold,0,283.764,119.840,96.848,ok,,
ours,5,5,hot,1,283.723,119.590,96.379,ok,,
ours,5,5,hot,2,283.787,119.918,96.926,ok,,
ours,5,5,hot,3,283.719,119.848,96.855,ok,,
ours,5,5,hot,4,282.845,119.125,96.352,ok,,
ours,5,5,hot,5,283.233,119.773,96.562,ok,,
ours,5,6,cold,0,283.488,119.930,96.719,ok,,
ours,5,6,hot,1,283.672,119.418,96.426,ok,,
ours,5,6,hot,2,283.679,119.863,96.871,ok,,
ours,5,6,hot,3,283.768,119.992,96.781,ok,,
ours,5,6,hot,4,283.633,119.695,96.484,ok,,
ours,5,6,hot,5,283.794,119.766,96.555,ok,,
ours,5,7,cold,0,20.343,23.211,0.219,ok,,
ours,5,7,hot,1,40.708,44.211,21.219,ok,,
ours,5,7,hot,2,20.423,23.211,0.219,ok,,
ours,5,7,hot,3,20.269,23.211,0.219,ok,,
ours,5,7,hot,4,20.420,22.992,0.000,ok,,
ours,5,7,hot,5,40.789,37.867,14.875,ok,,
ours,5,8,cold,0,787.909,276.227,253.234,error,db_error,SSL SYSCALL error: EOF detected
ours,5,8,hot,1,664.999,276.664,253.016,error,db_error,SSL SYSCALL error: EOF detected
ours,5,8,hot,2,708.356,276.820,253.609,error,db_error,SSL SYSCALL error: EOF detected
ours,5,8,hot,3,705.647,276.277,253.285,error,db_error,SSL SYSCALL error: EOF detected
ours,5,8,hot,4,668.866,276.637,253.426,error,db_error,SSL SYSCALL error: EOF detected
ours,5,8,hot,5,668.854,276.598,253.387,error,db_error,SSL SYSCALL error: EOF detected
rls_with_index,5,1,cold,0,20.461,16.867,0.000,ok,,
rls_with_index,5,1,hot,1,20.439,15.992,0.000,ok,,
rls_with_index,5,1,hot,2,20.337,15.992,0.000,ok,,
rls_with_index,5,1,hot,3,20.421,16.211,0.000,ok,,
rls_with_index,5,1,hot,4,20.452,16.430,0.000,ok,,
rls_with_index,5,1,hot,5,20.437,16.211,0.000,ok,,
rls_with_index,5,2,cold,0,20.296,16.211,0.000,ok,,
rls_with_index,5,2,hot,1,20.434,15.992,0.000,ok,,
rls_with_index,5,2,hot,2,20.462,16.430,0.000,ok,,
rls_with_index,5,2,hot,3,20.434,15.992,0.000,ok,,
rls_with_index,5,2,hot,4,20.407,16.430,0.000,ok,,
rls_with_index,5,2,hot,5,20.443,16.211,0.000,ok,,
rls_with_index,5,3,cold,0,20.325,16.211,0.000,ok,,
rls_with_index,5,3,hot,1,20.474,16.211,0.000,ok,,
rls_with_index,5,3,hot,2,20.458,16.430,0.000,ok,,
rls_with_index,5,3,hot,3,20.460,16.211,0.000,ok,,
rls_with_index,5,3,hot,4,20.363,16.211,0.000,ok,,
rls_with_index,5,3,hot,5,20.442,16.430,0.219,ok,,
rls_with_index,5,4,cold,0,20.258,15.992,0.000,ok,,
rls_with_index,5,4,hot,1,20.449,16.211,0.000,ok,,
rls_with_index,5,4,hot,2,20.476,15.773,0.000,ok,,
rls_with_index,5,4,hot,3,20.378,16.211,0.000,ok,,
rls_with_index,5,4,hot,4,20.543,16.211,0.000,ok,,
rls_with_index,5,4,hot,5,20.464,16.211,0.000,ok,,
rls_with_index,5,5,cold,0,121.692,17.961,1.531,ok,,
rls_with_index,5,5,hot,1,121.699,17.961,1.531,ok,,
rls_with_index,5,5,hot,2,121.667,17.742,1.531,ok,,
rls_with_index,5,5,hot,3,121.802,17.961,1.531,ok,,
rls_with_index,5,5,hot,4,121.559,17.961,1.531,ok,,
rls_with_index,5,5,hot,5,121.482,17.961,1.750,ok,,
rls_with_index,5,6,cold,0,121.654,17.961,1.531,ok,,
rls_with_index,5,6,hot,1,121.477,17.742,1.531,ok,,
rls_with_index,5,6,hot,2,121.681,18.180,1.969,ok,,
rls_with_index,5,6,hot,3,121.587,17.875,1.750,ok,,
rls_with_index,5,6,hot,4,121.737,17.961,1.531,ok,,
rls_with_index,5,6,hot,5,121.651,17.961,1.531,ok,,
rls_with_index,5,7,cold,0,40.437,22.336,5.906,ok,,
rls_with_index,5,7,hot,1,40.482,22.336,6.125,ok,,
rls_with_index,5,7,hot,2,20.288,16.211,0.000,ok,,
rls_with_index,5,7,hot,3,20.210,16.430,0.000,ok,,
rls_with_index,5,7,hot,4,20.256,16.430,0.219,ok,,
rls_with_index,5,7,hot,5,40.658,21.898,5.469,ok,,
rls_with_index,5,8,cold,0,931.218,39.180,22.750,ok,,
rls_with_index,5,8,hot,1,910.733,38.305,22.094,ok,,
rls_with_index,5,8,hot,2,909.892,38.523,22.312,ok,,
rls_with_index,5,8,hot,3,910.526,39.180,22.969,ok,,
rls_with_index,5,8,hot,4,910.418,39.398,23.188,ok,,
rls_with_index,5,8,hot,5,910.576,39.836,23.406,ok,,
rls_no_index,5,1,cold,0,20.314,16.211,0.000,ok,,
rls_no_index,5,1,hot,1,20.452,15.773,0.000,ok,,
rls_no_index,5,1,hot,2,20.426,16.211,0.000,ok,,
rls_no_index,5,1,hot,3,20.435,16.211,0.000,ok,,
rls_no_index,5,1,hot,4,20.413,16.430,0.000,ok,,
rls_no_index,5,1,hot,5,20.437,15.773,0.000,ok,,
rls_no_index,5,2,cold,0,20.454,15.773,0.000,ok,,
rls_no_index,5,2,hot,1,20.443,16.211,0.000,ok,,
rls_no_index,5,2,hot,2,20.432,15.992,0.000,ok,,
rls_no_index,5,2,hot,3,20.468,16.000,0.000,ok,,
rls_no_index,5,2,hot,4,20.443,16.430,0.219,ok,,
rls_no_index,5,2,hot,5,20.432,16.430,0.000,ok,,
rls_no_index,5,3,cold,0,40.717,37.211,20.781,ok,,
rls_no_index,5,3,hot,1,20.486,16.430,0.219,ok,,
rls_no_index,5,3,hot,2,20.475,15.992,0.000,ok,,
rls_no_index,5,3,hot,3,20.457,16.211,0.000,ok,,
rls_no_index,5,3,hot,4,20.437,15.773,0.000,ok,,
rls_no_index,5,3,hot,5,20.408,16.211,0.000,ok,,
rls_no_index,5,4,cold,0,20.410,16.211,0.000,ok,,
rls_no_index,5,4,hot,1,20.437,15.992,0.000,ok,,
rls_no_index,5,4,hot,2,40.687,39.617,23.188,ok,,
rls_no_index,5,4,hot,3,20.506,16.211,0.219,ok,,
rls_no_index,5,4,hot,4,40.750,33.492,17.062,ok,,
rls_no_index,5,4,hot,5,20.405,16.430,0.219,ok,,
rls_no_index,5,5,cold,0,121.628,18.180,1.969,ok,,
rls_no_index,5,5,hot,1,121.535,18.180,1.969,ok,,
rls_no_index,5,5,hot,2,121.660,17.961,1.531,ok,,
rls_no_index,5,5,hot,3,121.816,17.961,1.531,ok,,
rls_no_index,5,5,hot,4,121.592,17.742,1.312,ok,,
rls_no_index,5,5,hot,5,121.558,19.492,3.062,ok,,
rls_no_index,5,6,cold,0,120.673,17.742,1.750,ok,,
rls_no_index,5,6,hot,1,101.239,17.742,1.531,ok,,
rls_no_index,5,6,hot,2,121.379,22.336,6.125,ok,,
rls_no_index,5,6,hot,3,141.838,20.367,3.938,ok,,
rls_no_index,5,6,hot,4,121.534,17.961,1.531,ok,,
rls_no_index,5,6,hot,5,101.211,17.961,1.531,ok,,
rls_no_index,5,7,cold,0,20.266,16.184,0.000,ok,,
rls_no_index,5,7,hot,1,20.317,15.773,0.000,ok,,
rls_no_index,5,7,hot,2,40.580,44.867,28.438,ok,,
rls_no_index,5,7,hot,3,40.298,38.961,22.750,ok,,
rls_no_index,5,7,hot,4,40.615,41.805,25.375,ok,,
rls_no_index,5,7,hot,5,40.761,41.586,25.375,ok,,
rls_no_index,5,8,cold,0,910.758,52.305,35.875,ok,,
rls_no_index,5,8,hot,1,910.884,52.742,36.531,ok,,
rls_no_index,5,8,hot,2,910.296,52.961,36.531,ok,,
rls_no_index,5,8,hot,3,950.204,53.398,36.969,ok,,
rls_no_index,5,8,hot,4,910.797,53.836,37.625,ok,,
rls_no_index,5,8,hot,5,890.626,53.398,37.188,ok,,
nopolicy,10,1,cold,0,20.372,16.211,0.000,ok,,
nopolicy,10,1,hot,1,20.429,16.211,0.000,ok,,
nopolicy,10,1,hot,2,20.439,16.211,0.000,ok,,
nopolicy,10,1,hot,3,20.251,16.211,0.000,ok,,
nopolicy,10,1,hot,4,20.369,16.430,0.219,ok,,
nopolicy,10,1,hot,5,20.423,16.648,0.000,ok,,
nopolicy,10,2,cold,0,20.434,16.430,0.219,ok,,
nopolicy,10,2,hot,1,20.444,16.430,0.000,ok,,
nopolicy,10,2,hot,2,20.386,16.430,0.219,ok,,
nopolicy,10,2,hot,3,20.607,16.211,0.000,ok,,
nopolicy,10,2,hot,4,20.441,16.211,0.000,ok,,
nopolicy,10,2,hot,5,20.492,16.211,0.000,ok,,
nopolicy,10,3,cold,0,20.431,16.430,0.000,ok,,
nopolicy,10,3,hot,1,20.463,16.430,0.000,ok,,
nopolicy,10,3,hot,2,20.393,16.211,0.000,ok,,
nopolicy,10,3,hot,3,20.456,16.430,0.000,ok,,
nopolicy,10,3,hot,4,20.442,16.430,0.219,ok,,
nopolicy,10,3,hot,5,20.592,16.211,0.000,ok,,
nopolicy,10,4,cold,0,20.430,16.211,0.000,ok,,
nopolicy,10,4,hot,1,20.388,16.211,0.000,ok,,
nopolicy,10,4,hot,2,20.427,16.648,0.438,ok,,
nopolicy,10,4,hot,3,20.458,16.430,0.000,ok,,
nopolicy,10,4,hot,4,20.577,16.211,0.000,ok,,
nopolicy,10,4,hot,5,20.553,16.211,0.000,ok,,
nopolicy,10,5,cold,0,61.236,17.742,1.531,ok,,
nopolicy,10,5,hot,1,60.788,17.742,1.531,ok,,
nopolicy,10,5,hot,2,60.866,17.742,1.531,ok,,
nopolicy,10,5,hot,3,60.871,17.305,1.531,ok,,
nopolicy,10,5,hot,4,60.791,17.523,1.312,ok,,
nopolicy,10,5,hot,5,60.947,17.742,1.531,ok,,
nopolicy,10,6,cold,0,60.782,17.961,1.531,ok,,
nopolicy,10,6,hot,1,60.864,17.742,1.531,ok,,
nopolicy,10,6,hot,2,60.699,17.742,1.531,ok,,
nopolicy,10,6,hot,3,81.061,26.930,10.719,ok,,
nopolicy,10,6,hot,4,81.113,22.773,6.344,ok,,
nopolicy,10,6,hot,5,60.870,17.742,1.531,ok,,
nopolicy,10,7,cold,0,20.245,16.430,0.219,ok,,
nopolicy,10,7,hot,1,40.682,22.336,6.125,ok,,
nopolicy,10,7,hot,2,40.867,21.680,5.250,ok,,
nopolicy,10,7,hot,3,40.753,22.117,5.688,ok,,
nopolicy,10,7,hot,4,20.360,15.992,0.000,ok,,
nopolicy,10,7,hot,5,40.691,22.555,6.125,ok,,
nopolicy,10,8,cold,0,81.131,58.867,42.656,ok,,
nopolicy,10,8,hot,1,81.042,60.398,44.188,ok,,
nopolicy,10,8,hot,2,81.097,59.523,43.312,ok,,
nopolicy,10,8,hot,3,81.174,59.523,43.094,ok,,
nopolicy,10,8,hot,4,81.187,58.430,42.000,ok,,
nopolicy,10,8,hot,5,80.664,59.086,42.875,ok,,
ours,10,1,cold,0,40.241,39.598,16.605,ok,,
ours,10,1,hot,1,40.273,39.867,17.094,ok,,
ours,10,1,hot,2,40.458,39.285,16.512,ok,,
ours,10,1,hot,3,40.424,39.094,16.320,ok,,
ours,10,1,hot,4,60.862,39.801,17.246,ok,,
ours,10,1,hot,5,60.727,39.566,17.012,ok,,
ours,10,2,cold,0,40.628,39.562,17.008,ok,,
ours,10,2,hot,1,40.560,35.461,12.469,ok,,
ours,10,2,hot,2,40.593,38.328,15.336,ok,,
ours,10,2,hot,3,40.643,38.504,15.730,ok,,
ours,10,2,hot,4,40.621,29.438,6.883,ok,,
ours,10,2,hot,5,40.470,39.910,16.918,ok,,
ours,10,3,cold,0,20.454,22.555,0.000,ok,,
ours,10,3,hot,1,20.186,22.719,0.000,ok,,
ours,10,3,hot,2,20.420,22.992,0.219,ok,,
ours,10,3,hot,3,20.414,22.992,0.000,ok,,
ours,10,3,hot,4,20.437,22.773,0.000,ok,,
ours,10,3,hot,5,20.613,22.773,0.219,ok,,
ours,10,4,cold,0,40.630,45.086,22.312,ok,,
ours,10,4,hot,1,20.402,22.773,0.000,ok,,
ours,10,4,hot,2,20.308,23.211,0.219,ok,,
ours,10,4,hot,3,20.423,22.992,0.219,ok,,
ours,10,4,hot,4,20.306,22.992,0.219,ok,,
ours,10,4,hot,5,20.440,22.992,0.219,ok,,
ours,10,5,cold,0,283.976,120.148,97.594,ok,,
ours,10,5,hot,1,283.947,119.898,97.125,ok,,
ours,10,5,hot,2,283.640,119.777,96.785,ok,,
ours,10,5,hot,3,283.556,119.883,97.109,ok,,
ours,10,5,hot,4,283.710,119.781,97.227,ok,,
ours,10,5,hot,5,283.828,120.125,97.133,ok,,
ours,10,6,cold,0,283.538,119.750,96.977,ok,,
ours,10,6,hot,1,283.860,119.715,96.723,ok,,
ours,10,6,hot,2,283.663,119.832,97.059,ok,,
ours,10,6,hot,3,283.635,119.605,97.051,ok,,
ours,10,6,hot,4,283.829,119.898,97.125,ok,,
ours,10,6,hot,5,283.893,119.965,96.973,ok,,
ours,10,7,cold,0,40.545,40.148,17.156,ok,,
ours,10,7,hot,1,40.608,40.070,17.297,ok,,
ours,10,7,hot,2,40.561,39.000,16.227,ok,,
ours,10,7,hot,3,40.256,38.664,16.109,ok,,
ours,10,7,hot,4,40.549,38.879,16.324,ok,,
ours,10,7,hot,5,40.558,39.469,16.695,ok,,
ours,10,8,cold,0,444.742,264.723,241.957,ok,,
ours,10,8,hot,1,1074.140,281.227,258.891,error,db_error,SSL SYSCALL error: EOF detected
ours,10,8,hot,2,263.458,128.023,104.156,error,db_error,ERROR:  custom_filter: CTID->rid not found for policy-required table (rel=customer blk=0 off=1)
ours,10,8,hot,3,465.046,269.859,247.305,ok,,
ours,10,8,hot,4,425.615,265.273,242.719,ok,,
ours,10,8,hot,5,1011.392,281.824,258.832,error,db_error,SSL SYSCALL error: EOF detected
rls_with_index,10,1,cold,0,20.572,16.648,0.000,ok,,
rls_with_index,10,1,hot,1,20.392,16.211,0.000,ok,,
rls_with_index,10,1,hot,2,20.172,16.211,0.000,ok,,
rls_with_index,10,1,hot,3,20.439,16.211,0.000,ok,,
rls_with_index,10,1,hot,4,20.443,16.430,0.000,ok,,
rls_with_index,10,1,hot,5,20.440,16.211,0.000,ok,,
rls_with_index,10,2,cold,0,20.429,15.992,0.000,ok,,
rls_with_index,10,2,hot,1,20.545,16.211,0.000,ok,,
rls_with_index,10,2,hot,2,20.309,15.992,0.000,ok,,
rls_with_index,10,2,hot,3,20.457,16.211,0.000,ok,,
rls_with_index,10,2,hot,4,20.423,16.211,0.000,ok,,
rls_with_index,10,2,hot,5,20.414,16.211,0.000,ok,,
rls_with_index,10,3,cold,0,20.432,16.430,0.000,ok,,
rls_with_index,10,3,hot,1,20.487,16.430,0.000,ok,,
rls_with_index,10,3,hot,2,20.368,16.211,0.000,ok,,
rls_with_index,10,3,hot,3,20.431,16.211,0.000,ok,,
rls_with_index,10,3,hot,4,20.458,16.211,0.000,ok,,
rls_with_index,10,3,hot,5,20.282,16.145,0.000,ok,,
rls_with_index,10,4,cold,0,20.265,15.992,0.000,ok,,
rls_with_index,10,4,hot,1,20.468,16.430,0.000,ok,,
rls_with_index,10,4,hot,2,20.453,16.430,0.219,ok,,
rls_with_index,10,4,hot,3,20.322,16.430,0.000,ok,,
rls_with_index,10,4,hot,4,20.420,16.430,0.000,ok,,
rls_with_index,10,4,hot,5,20.602,16.211,0.000,ok,,
rls_with_index,10,5,cold,0,121.796,17.742,1.750,ok,,
rls_with_index,10,5,hot,1,121.253,17.961,1.531,ok,,
rls_with_index,10,5,hot,2,121.567,17.961,1.531,ok,,
rls_with_index,10,5,hot,3,121.614,17.742,1.312,ok,,
rls_with_index,10,5,hot,4,121.707,17.961,1.531,ok,,
rls_with_index,10,5,hot,5,121.518,17.305,1.094,ok,,
rls_with_index,10,6,cold,0,121.563,17.961,1.531,ok,,
rls_with_index,10,6,hot,1,121.626,17.742,1.531,ok,,
rls_with_index,10,6,hot,2,121.309,18.398,1.969,ok,,
rls_with_index,10,6,hot,3,121.656,17.961,1.531,ok,,
rls_with_index,10,6,hot,4,101.225,18.180,1.969,ok,,
rls_with_index,10,6,hot,5,101.099,17.965,1.969,ok,,
rls_with_index,10,7,cold,0,20.277,16.211,0.000,ok,,
rls_with_index,10,7,hot,1,20.323,16.430,0.219,ok,,
rls_with_index,10,7,hot,2,20.431,16.211,0.000,ok,,
rls_with_index,10,7,hot,3,20.438,15.992,0.000,ok,,
rls_with_index,10,7,hot,4,20.450,16.211,0.000,ok,,
rls_with_index,10,7,hot,5,20.478,16.430,0.219,ok,,
rls_with_index,10,8,cold,0,20.415,16.430,0.000,ok,,
rls_with_index,10,8,hot,1,20.506,16.430,0.219,ok,,
rls_with_index,10,8,hot,2,20.460,16.211,0.000,ok,,
rls_with_index,10,8,hot,3,20.446,15.992,0.219,ok,,
rls_with_index,10,8,hot,4,20.418,15.992,0.000,ok,,
rls_with_index,10,8,hot,5,20.424,16.211,0.000,ok,,
rls_no_index,10,1,cold,0,20.412,16.211,0.000,ok,,
rls_no_index,10,1,hot,1,20.409,16.430,0.219,ok,,
rls_no_index,10,1,hot,2,20.490,16.211,0.219,ok,,
rls_no_index,10,1,hot,3,20.423,15.992,0.000,ok,,
rls_no_index,10,1,hot,4,20.447,16.430,0.219,ok,,
rls_no_index,10,1,hot,5,20.398,15.773,0.219,ok,,
rls_no_index,10,2,cold,0,20.472,16.430,0.000,ok,,
rls_no_index,10,2,hot,1,20.475,16.211,0.000,ok,,
rls_no_index,10,2,hot,2,20.435,16.301,0.219,ok,,
rls_no_index,10,2,hot,3,20.478,16.211,0.000,ok,,
rls_no_index,10,2,hot,4,20.409,16.211,0.000,ok,,
rls_no_index,10,2,hot,5,20.399,16.430,0.000,ok,,
rls_no_index,10,3,cold,0,20.295,16.211,0.000,ok,,
rls_no_index,10,3,hot,1,20.336,16.211,0.000,ok,,
rls_no_index,10,3,hot,2,20.351,16.430,0.219,ok,,
rls_no_index,10,3,hot,3,20.466,16.430,0.000,ok,,
rls_no_index,10,3,hot,4,20.340,16.211,0.000,ok,,
rls_no_index,10,3,hot,5,20.387,16.430,0.000,ok,,
rls_no_index,10,4,cold,0,40.722,36.117,19.906,ok,,
rls_no_index,10,4,hot,1,20.359,16.211,0.000,ok,,
rls_no_index,10,4,hot,2,20.290,16.430,0.000,ok,,
rls_no_index,10,4,hot,3,20.268,16.211,0.000,ok,,
rls_no_index,10,4,hot,4,20.323,16.430,0.219,ok,,
rls_no_index,10,4,hot,5,20.327,15.992,0.000,ok,,
rls_no_index,10,5,cold,0,121.190,17.742,1.531,ok,,
rls_no_index,10,5,hot,1,121.521,17.961,1.750,ok,,
rls_no_index,10,5,hot,2,121.643,17.961,1.531,ok,,
rls_no_index,10,5,hot,3,121.732,17.961,1.531,ok,,
rls_no_index,10,5,hot,4,121.686,17.961,1.531,ok,,
rls_no_index,10,5,hot,5,121.533,19.930,3.719,ok,,
rls_no_index,10,6,cold,0,121.658,18.180,1.969,ok,,
rls_no_index,10,6,hot,1,121.693,19.711,3.281,ok,,
rls_no_index,10,6,hot,2,121.689,19.055,2.844,ok,,
rls_no_index,10,6,hot,3,121.594,18.617,2.188,ok,,
rls_no_index,10,6,hot,4,121.412,18.398,2.188,ok,,
rls_no_index,10,6,hot,5,121.537,17.961,1.531,ok,,
rls_no_index,10,7,cold,0,20.337,16.430,0.000,ok,,
rls_no_index,10,7,hot,1,20.399,16.430,0.000,ok,,
rls_no_index,10,7,hot,2,20.460,16.430,0.000,ok,,
rls_no_index,10,7,hot,3,20.505,16.430,0.219,ok,,
rls_no_index,10,7,hot,4,20.447,15.992,0.000,ok,,
rls_no_index,10,7,hot,5,20.333,16.211,0.000,ok,,
rls_no_index,10,8,cold,0,9311.993,47.930,31.719,ok,,
rls_no_index,10,8,hot,1,9393.610,48.586,32.375,ok,,
rls_no_index,10,8,hot,2,9309.620,48.586,32.156,ok,,
rls_no_index,10,8,hot,3,9351.758,48.586,32.594,ok,,
rls_no_index,10,8,hot,4,9345.957,48.367,32.594,ok,,
rls_no_index,10,8,hot,5,9314.133,49.461,33.031,ok,,
nopolicy,15,1,cold,0,20.456,16.430,0.000,ok,,
nopolicy,15,1,hot,1,20.429,16.211,0.219,ok,,
nopolicy,15,1,hot,2,20.428,16.430,0.219,ok,,
nopolicy,15,1,hot,3,20.422,16.211,0.000,ok,,
nopolicy,15,1,hot,4,20.625,15.992,0.000,ok,,
nopolicy,15,1,hot,5,20.498,16.211,0.000,ok,,
nopolicy,15,2,cold,0,20.434,16.430,0.000,ok,,
nopolicy,15,2,hot,1,20.420,16.430,0.000,ok,,
nopolicy,15,2,hot,2,20.457,16.430,0.000,ok,,
nopolicy,15,2,hot,3,20.418,16.211,0.000,ok,,
nopolicy,15,2,hot,4,20.419,16.430,0.000,ok,,
nopolicy,15,2,hot,5,20.220,16.211,0.000,ok,,
nopolicy,15,3,cold,0,20.421,16.430,0.000,ok,,
nopolicy,15,3,hot,1,20.483,16.211,0.000,ok,,
nopolicy,15,3,hot,2,20.338,16.430,0.000,ok,,
nopolicy,15,3,hot,3,20.376,15.992,0.000,ok,,
nopolicy,15,3,hot,4,20.424,16.211,0.000,ok,,
nopolicy,15,3,hot,5,20.419,16.430,0.000,ok,,
nopolicy,15,4,cold,0,20.407,16.430,0.000,ok,,
nopolicy,15,4,hot,1,20.408,16.211,0.000,ok,,
nopolicy,15,4,hot,2,20.406,16.211,0.000,ok,,
nopolicy,15,4,hot,3,20.393,16.430,0.219,ok,,
nopolicy,15,4,hot,4,20.406,16.211,0.000,ok,,
nopolicy,15,4,hot,5,20.405,16.430,0.000,ok,,
nopolicy,15,5,cold,0,60.966,17.961,1.969,ok,,
nopolicy,15,5,hot,1,60.804,18.180,1.969,ok,,
nopolicy,15,5,hot,2,60.857,18.180,1.750,ok,,
nopolicy,15,5,hot,3,60.790,18.617,2.406,ok,,
nopolicy,15,5,hot,4,60.712,18.180,1.969,ok,,
nopolicy,15,5,hot,5,60.988,18.180,1.750,ok,,
nopolicy,15,6,cold,0,60.832,18.180,1.969,ok,,
nopolicy,15,6,hot,1,60.609,17.961,1.750,ok,,
nopolicy,15,6,hot,2,61.000,18.180,1.969,ok,,
nopolicy,15,6,hot,3,60.970,18.180,1.750,ok,,
nopolicy,15,6,hot,4,81.210,26.711,10.500,ok,,
nopolicy,15,6,hot,5,81.109,25.617,9.406,ok,,
nopolicy,15,7,cold,0,20.340,16.211,0.000,ok,,
nopolicy,15,7,hot,1,20.226,16.430,0.000,ok,,
nopolicy,15,7,hot,2,40.512,23.211,7.000,ok,,
nopolicy,15,7,hot,3,40.724,22.555,6.344,ok,,
nopolicy,15,7,hot,4,40.654,23.211,7.000,ok,,
nopolicy,15,7,hot,5,40.646,22.992,6.781,ok,,
nopolicy,15,8,cold,0,81.240,55.586,39.156,ok,,
nopolicy,15,8,hot,1,81.074,58.211,42.000,ok,,
nopolicy,15,8,hot,2,81.334,57.773,41.562,ok,,
nopolicy,15,8,hot,3,80.937,57.555,41.344,ok,,
nopolicy,15,8,hot,4,81.205,56.898,41.125,ok,,
nopolicy,15,8,hot,5,81.040,56.898,40.688,ok,,
ours,15,1,cold,0,40.564,39.613,16.621,ok,,
ours,15,1,hot,1,40.598,29.598,6.824,ok,,
ours,15,1,hot,2,40.266,39.273,16.500,ok,,
ours,15,1,hot,3,40.568,39.281,16.945,ok,,
ours,15,1,hot,4,40.643,38.273,15.500,ok,,
ours,15,1,hot,5,40.496,39.156,16.602,ok,,
ours,15,2,cold,0,40.565,38.195,15.203,ok,,
ours,15,2,hot,1,40.682,29.336,6.562,ok,,
ours,15,2,hot,2,40.421,38.691,15.699,ok,,
ours,15,2,hot,3,40.442,39.391,16.398,ok,,
ours,15,2,hot,4,40.534,38.746,15.754,ok,,
ours,15,2,hot,5,40.595,29.918,7.363,ok,,
ours,15,3,cold,0,182.210,55.449,32.676,ok,,
ours,15,3,hot,1,182.296,60.832,37.840,ok,,
ours,15,3,hot,2,182.180,56.758,33.766,ok,,
ours,15,3,hot,3,182.111,65.840,43.066,ok,,
ours,15,3,hot,4,182.264,55.984,33.211,ok,,
ours,15,3,hot,5,182.299,64.012,41.238,ok,,
ours,15,4,cold,0,182.362,59.473,36.480,ok,,
ours,15,4,hot,1,182.297,61.664,38.672,ok,,
ours,15,4,hot,2,182.268,59.254,36.262,ok,,
ours,15,4,hot,3,181.983,54.727,31.734,ok,,
ours,15,4,hot,4,182.373,61.656,38.664,ok,,
ours,15,4,hot,5,182.485,59.148,36.375,ok,,
ours,15,5,cold,0,1902.182,120.363,98.027,ok,,
ours,15,5,hot,1,1921.414,119.953,97.617,ok,,
ours,15,5,hot,2,1879.534,120.469,97.914,ok,,
ours,15,5,hot,3,1880.898,120.547,97.555,ok,,
ours,15,5,hot,4,1901.720,120.262,97.488,ok,,
ours,15,5,hot,5,1902.517,120.266,97.930,ok,,
ours,15,6,cold,0,1900.012,120.410,97.418,ok,,
ours,15,6,hot,1,1862.933,120.520,97.527,ok,,
ours,15,6,hot,2,1897.809,120.332,97.340,ok,,
ours,15,6,hot,3,1880.056,120.176,97.840,ok,,
ours,15,6,hot,4,1882.243,120.703,97.930,ok,,
ours,15,6,hot,5,1900.909,120.371,97.598,ok,,
ours,15,7,cold,0,161.803,51.457,28.684,ok,,
ours,15,7,hot,1,162.017,51.355,28.363,ok,,
ours,15,7,hot,2,161.981,51.504,28.574,ok,,
ours,15,7,hot,3,161.692,51.531,28.758,ok,,
ours,15,7,hot,4,161.970,51.785,28.793,ok,,
ours,15,7,hot,5,162.074,51.309,28.316,ok,,
ours,15,8,cold,0,20.323,22.992,0.000,error,db_error,ERROR:  could not devise a query plan for the given query
ours,15,8,hot,1,20.412,22.773,0.000,error,db_error,ERROR:  could not devise a query plan for the given query
ours,15,8,hot,2,20.321,22.555,0.000,error,db_error,ERROR:  could not devise a query plan for the given query
ours,15,8,hot,3,20.434,22.773,0.000,error,db_error,ERROR:  could not devise a query plan for the given query
ours,15,8,hot,4,20.343,23.211,0.000,error,db_error,ERROR:  could not devise a query plan for the given query
ours,15,8,hot,5,20.435,22.773,0.000,error,db_error,ERROR:  could not devise a query plan for the given query
rls_with_index,15,1,cold,0,20.465,16.211,0.000,ok,,
rls_with_index,15,1,hot,1,20.444,16.211,0.000,ok,,
rls_with_index,15,1,hot,2,20.412,16.211,0.000,ok,,
rls_with_index,15,1,hot,3,20.415,16.430,0.000,ok,,
rls_with_index,15,1,hot,4,20.455,16.430,0.000,ok,,
rls_with_index,15,1,hot,5,20.426,16.211,0.000,ok,,
rls_with_index,15,2,cold,0,20.409,16.211,0.000,ok,,
rls_with_index,15,2,hot,1,20.384,16.211,0.000,ok,,
rls_with_index,15,2,hot,2,20.461,16.211,0.000,ok,,
rls_with_index,15,2,hot,3,20.481,16.211,0.000,ok,,
rls_with_index,15,2,hot,4,20.461,16.430,0.000,ok,,
rls_with_index,15,2,hot,5,20.445,16.211,0.000,ok,,
rls_with_index,15,3,cold,0,105609.308,119.957,103.746,ok,,
rls_with_index,15,3,hot,1,105441.993,120.648,104.000,ok,,
rls_with_index,15,3,hot,2,105605.155,119.773,103.781,ok,,
